{"LayerSizes":[11,32,16],"Layers":[{"Weights":[[-0.319678292757938,-0.3056089742638486,0.5396156992695569,-0.8976871923722474,0.4805331721786452,0.4877054196080226,-0.016816013393560425,-0.9603448005344972,-0.4855414566906009,0.810164997147665,-0.6015387525727569,-0.05781582984020961,0.5787285388467438,-0.5295393813038429,-0.8796088516266842,0.47291372881505067,0.5749425419596177,-0.38627126385211485,0.253877940146398,0.15318400599488724,0.05265976940275441,0.3427841370382756,-0.5854392676091877,-0.489865367154956,0.43987210959191736,0.935719492986334,-0.9513940428476257,0.9704619299468509,0.7947719016063004,-0.8274219307104909,0.18856935963741694,-0.6957380302832423],[0.03427283112593971,-0.7221271339150197,-0.8901235996920651,-0.7205113174670623,0.7510657766216315,-0.696330507956427,-0.2978886699967376,0.6166882521533843,-0.8998379408716812,-0.13656467564802832,0.5633649509062038,-0.7633884834657638,-0.12482266469665193,0.14134351390093491,-0.5737044803588469,0.3135823172567702,0.6571691719014061,-0.2853351715165886,0.5735020058531581,0.4799131329328443,-0.3356753490533735,-0.5380852839278114,0.13472190459409794,-0.9622321500357198,0.8926080770841351,0.5162911629052311,0.9379610691867011,0.6963553242233502,-0.24029986321049135,0.7331724928268162,-0.8389999390079386,0.3619215615606979],[-0.41544766434780445,0.3751264752008152,0.880186326698184,-0.7755434886776043,0.09783535107132679,-0.10761626204273145,-0.15498175932272473,-0.9784620545212201,-0.22334098548717485,-0.8125705928126457,0.2801989153749844,-0.222166323274688,-0.6873504586207118,0.5805067064479645,0.23702790890697867,-0.4616916206894748,0.22600749859027958,-0.0390610092141761,-0.02820720180568914,-0.5488500663226812,-0.05570786170048203,-0.23836300483821216,-0.641234032652124,0.3271736516862891,0.44546006471465494,-0.26704006663904556,0.4653108237759933,0.11315674711661927,0.8831712894679602,0.9442738346400228,0.5963683759808653,-0.9318238861219443],[0.7541271977667561,-0.3413531354291863,0.23158993299703345,-0.3149703503565162,0.24921171342805515,0.46818296853438257,0.16462895170743197,0.31396619067469644,-0.34849831686228283,0.43847031211934384,-0.5836300326481321,0.8818773286790726,0.7858692431022805,-0.5822515608286463,-0.3791450956253195,-0.6029296229837608,0.5955325869798436,-0.6852771559857784,-0.8704207063788783,-0.21284261217901457,0.52744963247087,-0.28815103004451825,0.31807015491809243,-0.8861654384736446,-0.5632145286872612,0.008830948654354964,-0.7217127184261993,-0.13841839320131544,0.9855879211000678,0.8426739320345478,0.30776877903682354,-0.029569581584191873],[-0.7566960358440864,0.13593109967722206,-0.24051596836827427,0.6315947434340003,0.5156296277660799,0.08343538699533126,-0.28330735879210134,0.3387120420281178,-0.8166703363358676,-0.25844691735883574,-0.5025929658796944,-0.349458921624505,-0.26638147977669635,0.06378959683620744,-0.08694072580593648,0.12584396976844792,-0.5073450557489998,-0.36824941966382774,0.5503244882607747,0.3074060308296793,-0.1164312252096169,-0.8499415868477018,-0.46125346219024244,0.7906167912759618,-0.8805651953262914,0.10450971334329417,0.840985648268078,-0.7223209309801601,-0.5505234681359847,-0.557333873847522,0.7384221550951675,-0.007550141843354563],[-0.5321429234525672,-0.7924044933953505,-0.10806710363439231,0.7381585919437255,0.7229550974922749,0.042405547621953366,0.5635015039647999,-0.6807321368692141,0.6249647451802778,-0.5536100706492699,-0.14905582943612905,-0.03344730659052564,0.5986891330940602,0.8260746076599825,-0.11784518064721938,0.9010317573824786,0.413325846020691,0.5136334331444448,0.27248127828369206,0.6703772817618776,-0.6109055655775615,-0.9615153641241858,0.6628291668148625,-0.8083373736281916,-0.3482696939164689,-0.4025521398142562,-0.7929375092284388,0.9091228258764481,-0.10732790214582355,-0.7735351181864041,0.26385101272907474,0.28715915713890716],[0.3194835366273172,0.02453743616357018,0.29486171770800684,0.27213311466305656,-0.5286789889081014,0.9396596327631543,0.03580782265658944,0.4067417714790216,-0.06605817926322977,0.10516324249925901,-0.1304640220875477,-0.6192033897999989,-0.6743972875144153,-0.35172211158432987,0.8362474727470877,0.2861747585205763,0.035911995149153775,-0.6301522661917058,0.07410849571253819,-0.8063352750016597,-0.8419732326267204,-0.9561396932634001,-0.7259539708076517,-0.4162620844983589,-0.7821643250141888,-0.07817619156806299,0.7655978702225972,-0.167226483207094,-0.9010420585827701,-0.795783997157774,0.11438481746250084,0.8690241580277858],[0.5793022091722158,-0.907703414087675,0.4153051476796221,0.9185789398113662,-0.32025363259362494,0.5219359589397072,-0.3609125365426171,-0.4859248430643548,-0.9329890909597027,-0.7456412974647262,0.30611685271704214,-0.27973279142019214,-0.09524779965110164,0.36070526586297547,0.5491346233708672,-0.09832969615941911,0.06744895408960261,-0.5833860647639111,-0.39784235922157785,0.9263991870226651,-0.7085713832687477,-0.8749223554642251,0.5993055275018997,0.21965598990421742,-0.2102513432318549,-0.33554682229225086,0.6654817015006178,-0.7341234011810742,-0.5276824004952121,-0.756353865485305,0.11110145966631335,0.5537294639386083],[0.6885258272887711,0.1814431765456006,-0.43490956618138377,0.643769640347162,0.40407783638983785,0.44933489529284754,0.7098110571643474,-0.6908609082434818,-0.2633702815622847,-0.12394468512796508,-0.5336528810406176,-0.40494451686972655,-0.9272681022765588,0.6510115517044404,-0.2982065265400906,-0.25254703668841527,0.47646743064192876,0.18531240382692604,-0.24808298974244813,-0.5829587410352544,0.13513468421519792,-0.4691788706579183,-0.3090806169635125,0.854713552540953,-0.1056520569513344,0.453678447684726,0.6965088375407464,-0.7934461400336033,-0.5958629781049358,0.03515541241532372,-0.08277836752790124,0.9420257282389062],[0.4642897381066946,0.21837813907061143,-0.8935078852815455,-0.1873717179774268,0.6072716992422815,0.6195222438325914,0.8421749536738163,0.2918253148966863,0.264944521234745,-0.358404186762044,0.5840958471225066,-0.9659708743119517,0.06181459264412692,-0.8349491949289995,0.7361158983898117,-0.473034556896224,0.29646300818362836,0.18219582215785524,-0.24696658311010067,-0.996624480143461,0.5621013393571312,0.24723358468391443,-0.7439483719684159,0.7212673531046074,-0.7938973951857469,-0.6818244139413567,-0.9877610841481008,0.9833905916336236,-0.6550469028322956,0.19655797621368687,0.6084012128400422,-0.06630485095845184],[-0.8334129194296562,-0.20454091088566395,0.9048617426346408,0.4401235351540136,0.470354490204427,0.12874032977305738,-0.2487377773275512,-0.4069771299201501,0.586017636463134,-0.6455931474183407,-0.002080692081234181,-0.22355530215086739,0.2744426342063917,-0.10243218131513121,-0.8556796097513841,-0.5089700012323162,-0.2366752232043332,-0.46783129592329953,-0.9038280079678966,0.9310371059431528,-0.23622659704875204,-0.9161594514497795,-0.3467872394856546,-0.08744677890837149,0.07314574983568556,0.8241279012017819,-0.15669991233386638,0.8759575188774518,-0.7621819200424114,0.8791941755432502,-0.5044928735980097,-0.480571220426661]],